"Gene_E_Housekeeping","Gene_A_Oncogene","Gene_B_Immune","Gene_C_Stromal","Gene_D_Therapy","Pathway_Score_Inflam"
-0.626453810742332,-0.820468384118015,1.51178116845085,-0.0449336090152309,0.918977371608218,-0.0561287395290008
0.183643324222082,0.487429052428485,0.389843236411431,-0.0161902630989461,0.782136300731067,-0.155795506705329
-0.835628612410047,0.738324705129217,-0.621240580541804,0.943836210685299,0.0745649833651906,-1.47075238389927
1.59528080213779,0.575781351653492,-2.2146998871775,0.821221195098089,-1.98935169586337,-0.47815005510862
0.32950777181536,-0.305388387156356,1.12493091814311,0.593901321217509,0.61982574789471,0.417941560199702
